file,type,label,sample_rate,duration,rms,zcr,average_pitch,spectral_centroid,spectral_bandwidth,spectral_rolloff
speech_001.wav,REAL,0,16000,5.0,0.029709598049521446,0.1598452428343949,200.82035402861962,2056.584873508206,1721.3591145212079,3918.5907643312103
speech_002.wav,REAL,0,16000,0.34,0.01914714090526104,0.12020596590909091,159.63478239823283,1807.5936936354533,1725.4296153924313,3642.755681818182
speech_003.wav,REAL,0,16000,0.36,0.003210996277630329,0.07486979166666667,139.05461117535617,1481.9623393400134,1745.6433768677168,3119.140625
speech_004.wav,REAL,0,16000,0.52,0.0030058363918215036,0.0788717830882353,149.62257430041072,1540.9550803224913,1706.8536513125327,3181.0661764705883
speech_005.wav,REAL,0,16000,1.2,0.003959533758461475,0.09381424753289473,125.57607788029429,1621.7076554865046,1793.3914213163414,3453.125
speech_006.wav,REAL,0,16000,3.0,0.00784793496131897,0.09042033743351063,148.70207105175567,1495.4411814091077,1751.2267365210066,3236.535904255319
speech_007.wav,REAL,0,16000,2.22,0.03158531337976456,0.20625697544642857,192.70929636441187,2334.4203370399337,1716.7685804217183,4141.741071428572
speech_008.wav,REAL,0,16000,0.3,0.005584339611232281,0.085400390625,131.15058747466406,1500.9970697674814,1652.1243980018844,2935.15625
speech_009.wav,REAL,0,16000,1.36,0.014466317370533943,0.04614825581395349,85.23443506090997,1177.593512363679,1604.5192106568422,2480.5595930232557
speech_010.wav,REAL,0,16000,5.0,0.006067526061087847,0.08302647292993631,108.94907007928352,1511.9681158692385,1703.1521255853697,3172.0740445859874
speech_011.wav,REAL,0,16000,0.46,0.004027370363473892,0.05113932291666667,115.39890106613117,1284.4809547027057,1632.5792013115815,2723.9583333333335
speech_012.wav,REAL,0,16000,0.34,0.002340905601158738,0.08633700284090909,151.05522747471184,1446.4117938612396,1667.4096565500572,2997.159090909091
speech_013.wav,REAL,0,16000,4.2,0.015371851623058319,0.10804702296401515,168.48262691135625,1650.275588360495,1685.249167318317,3331.4985795454545
speech_014.wav,REAL,0,16000,4.02,0.008710994385182858,0.15766446552579366,165.69128841926903,2035.5769080320256,1722.5078155665524,3874.751984126984
speech_015.wav,REAL,0,16000,3.5,0.017278144136071205,0.13943536931818182,188.5422157794779,1911.8270857548678,1684.6208353806119,3819.1051136363635
speech_016.wav,REAL,0,16000,5.0,0.012796561233699322,0.12752848825636942,176.71031756063243,1795.2904415551923,1650.2132431598939,3455.563296178344
speech_017.wav,REAL,0,16000,2.92,0.02993108704686165,0.09437096637228261,188.4216978018372,1630.0027578137242,1595.0623256997667,3322.6902173913045
speech_018.wav,REAL,0,16000,5.0,0.01402363646775484,0.10314863654458599,156.86507425431657,1614.7317608610153,1623.0110314108133,3223.8256369426754
speech_019.wav,REAL,0,16000,1.74,0.013370639644563198,0.10355113636363636,158.6078445644351,1577.7459450503227,1660.3830927031963,3364.4886363636365
speech_020.wav,REAL,0,16000,5.0,0.01733437366783619,0.10083163316082802,178.67135391481398,1617.61820163983,1614.6748938052933,3190.684713375796
speech_021.wav,REAL,0,16000,1.74,0.017701243981719017,0.11881214488636363,159.09378402492464,1730.2533668519502,1667.543294342059,3392.471590909091
speech_022.wav,REAL,0,16000,5.0,0.016230355948209763,0.0929382712977707,178.6328283326193,1529.5041987933014,1584.2595133367943,3185.7583598726114
ai_001.wav,AI,1,16000,3.72,0.09383497387170792,0.10661641960470085,208.08302959396036,1598.1364881441966,1636.591057721517,3050.6143162393164
ai_002.wav,AI,1,16000,2.88,0.08958861231803894,0.08447265625,219.52832696343486,1551.2294325611012,1732.4168655477656,3206.043956043956
ai_003.wav,AI,1,16000,3.408,0.07538340985774994,0.18930709696261683,214.73377796314418,2207.0281969243724,1906.0962758327353,4120.473130841122
ai_004.wav,AI,1,16000,2.28,0.10253584384918213,0.102294921875,200.82219047763024,1600.0753977294578,1709.1258506653637,3142.035590277778
ai_005.wav,AI,1,16000,3.192,0.08891953527927399,0.186875,214.4539782183397,2162.79153927772,1929.455351252268,4057.34375
ai_006.wav,AI,1,16000,2.688,0.07950017601251602,0.05894416360294118,210.1458744223221,1461.2323217933351,1666.923820362303,3118.4742647058824
ai_007.wav,AI,1,16000,3.648,0.09921102970838547,0.09025135869565218,209.8075255539827,1434.7829743261611,1600.4205582335255,2805.7065217391305
ai_008.wav,AI,1,16000,3.288,0.08610337227582932,0.135424567657767,215.52090416532965,1797.4912507844895,1794.0402333332702,3515.473300970874
ai_009.wav,AI,1,16000,3.384,0.08321486413478851,0.11651956810141509,203.04894617198823,1698.0096234552273,1703.194458028624,3180.571933962264
ai_010.wav,AI,1,16000,3.024,0.09833532571792603,0.1126953125,222.72437401550067,1588.6743696903657,1602.10545531542,2838.4868421052633
ai_011.wav,AI,1,16000,3.384,0.10666271299123764,0.07030328714622641,218.86884002458697,1394.6856322073638,1572.8917220013868,2682.7830188679245
ai_012.wav,AI,1,16000,3.432,0.08568177372217178,0.15781882957175927,207.1103567400245,2042.127619614945,1852.2152813997952,3783.637152777778
ai_013.wav,AI,1,16000,3.096,0.09446335583925247,0.10741684117268041,206.3308307717855,1570.0312022752228,1627.4061989208312,2987.6771907216494
ai_014.wav,AI,1,16000,3.264,0.10427634418010712,0.10209344660194175,219.8718350814091,1634.4420907362783,1710.5689402048315,3187.4241504854367
ai_015.wav,AI,1,16000,3.504,0.08577980846166611,0.12092507102272727,213.67504861129535,1850.0575105969226,1836.9437306428738,3603.622159090909
ai_016.wav,AI,1,16000,3.576,0.07718230038881302,0.20590645926339285,205.81408102336277,2306.9464133736737,1916.9754518437387,4169.154575892857
ai_017.wav,AI,1,16000,3.84,0.08402518928050995,0.16010782541322313,202.14812582906518,2121.5775972761903,1918.0598281003483,4022.469008264463
ai_018.wav,AI,1,16000,3.696,0.11110100895166397,0.07362102640086207,213.06594400573618,1314.5773002754624,1513.507295779242,2501.0775862068967
ai_019.wav,AI,1,16000,4.176,0.10216494649648666,0.10508483420801527,207.30847117298424,1549.6976898289774,1619.0698368619644,2969.1674618320612
ai_020.wav,AI,1,16000,3.984,0.10784298181533813,0.11698828125,220.93435388837156,1659.8070269478205,1706.0923928993761,3163.6875
ai_021.wav,AI,1,16000,3.744,0.09540430456399918,0.10198871159957627,213.91503501576247,1473.8722924502472,1610.9297109273748,2826.7346398305085
ai_022.wav,AI,1,16000,3.624,0.09455028176307678,0.08190275493421052,212.32030433148296,1386.1479241684674,1528.318342399921,2766.4473684210525
